ID;NOMARTICLE;TYPEDETRANSACTION;LIEUDESTINATION;LIEUORIGINE;QUANTITE;REFERENCE
1;Courgette;2;Toulouse;Castres;6;Fait le 2022-12-22 a 16h06
2;Fraise;2;Agen;Castres;15;Fait le 2022-12-25 a 10h02
3;Pomme;0;Agen;;15;Fait le 2023-01-02 a 08h30
4;Poire;1;;Lyon;40;Fait le 2023-01-10 a 19h07
5;Meringue;1;;Toulouse;150;Fait le 2023-01-12 a 08h26
6;Banane;0;Lille;;15;Fait le 2023-01-23 a 14h48
7;test 1;0;;a;2;Fait le 2023-01-24 a 19h10
8;test 2;1;az;;5;Fait le 2023-01-24 a 19h11
9;test 3;2;aze;az;18;Fait le 2023-01-24 a 19h11
